id,account_name,quarter_sales,email,orders,account_manager
1,Browsedrive,$60269.92,kbridgens0@paypal.com,65,Koralle Bridgens
2,Twimm,$9410.54,gtimperley1@fc2.com,63,Gregoire Timperley
3,Twinder,$89802.24,pdonaher2@cam.ac.uk,29,Pat Donaher
4,Eidel,$43013.76,sshowering3@soup.io,59,Sada Showering
5,Jatri,$93580.95,fcharters4@woothemes.com,45,Florida Charters
6,Quimba,$87912.56,hbuggs5@themeforest.net,76,Haslett Buggs
7,Twitterlist,$16401.59,gpassey6@senate.gov,36,Germain Passey
8,Wikivu,$96993.81,esworn7@artisteer.com,15,Eugenie Sworn
9,Wikizz,$85139.28,ematias8@vistaprint.com,48,Emlyn Matias
10,Avavee,$14234.06,bargabrite9@sfgate.com,93,Briggs Argabrite
11,Topiclounge,$61301.42,szanuttia@wix.com,83,Sonni Zanutti
12,Demizz,$47399.67,lstorrahb@google.com.au,65,Leonidas Storrah
13,Avaveo,$19491.43,sdec@indiatimes.com,58,Stanfield de Zamora
14,Midel,$73403.06,ftorrid@sakura.ne.jp,40,Filippa Torri
15,Tekfly,$41789.29,lpullere@nydailynews.com,74,Lilia Puller
16,Innojam,$81844.55,sklieslf@geocities.jp,87,Sharyl Kliesl
17,Dabvine,$12386.33,zhaireg@soup.io,14,Zulema Haire
18,Fanoodle,$29936.61,mcrosettoh@dagondesign.com,65,Muffin Crosetto
19,Oozz,$23613.31,gincognai@acquirethisname.com,30,Georges Incogna
20,Realblab,$64254.00,rserlej@house.gov,68,Reuben Serle
21,Eayo,$12838.74,amenendesk@free.fr,69,Aldin Menendes
22,Topicware,$31799.18,fsperingl@sbwire.com,80,Fredric Spering
23,Gigazoom,$33742.04,jpennycockm@networksolutions.com,77,Joella Pennycock
24,Tagtune,$27626.00,kchristophersenn@indiatimes.com,13,Kriste Christophersen
25,Rhynyx,$47356.40,mtrenoutho@netlog.com,70,Melessa Trenouth
26,Voolia,$65612.15,dgarthsidep@usda.gov,9,Derrick Garthside
27,Einti,$74461.72,cburwinq@creativecommons.org,21,Curt Burwin
28,Dazzlesphere,$37491.99,gcoltonr@fema.gov,98,Greg Colton
29,Bubblebox,$87313.86,nthechams@ucoz.ru,22,Nadia Thecham
30,Zoombox,$64112.65,nbartomieut@foxnews.com,43,Nadiya Bartomieu
31,Youtags,$49529.80,tdenzeyu@virginia.edu,1,Teodora Denzey
32,Eamia,$75604.41,ctukelyv@netvibes.com,27,Courtney Tukely
33,Oyondu,$68786.71,sdoickw@t.co,48,Sauveur Doick
34,Quamba,$47139.07,kgrinaughx@naver.com,86,Krystal Grinaugh
35,Leexo,$57642.07,jpaddyy@histats.com,17,Josephina Paddy
36,Yamia,$86327.20,ocapineerz@dedecms.com,54,Oralia Capineer
37,Snaptags,$91815.14,mdumbelton10@bigcartel.com,54,Manda Dumbelton
38,Twitterwire,$17545.30,mvearncomb11@craigslist.org,60,Meredithe Vearncomb
39,Voonder,$89163.13,kbrugger12@microsoft.com,10,Kala Brugger
40,Thoughtbridge,$18189.84,amichurin13@howstuffworks.com,63,Austin Michurin
41,Katz,$52876.24,amacconnulty14@businessweek.com,14,Abra MacConnulty
42,Ozu,$82962.92,tsitwell15@github.io,95,Truda Sitwell
43,Yozio,$64262.14,blowson16@businessinsider.com,92,Bing Lowson
44,Linkbridge,$90331.81,cdowngate17@google.co.jp,83,Cleavland Downgate
45,Devbug,$13493.97,nmcguigan18@rediff.com,71,Nanni McGuigan
46,Wordify,$62543.94,nshimoni19@cnbc.com,34,Nester Shimoni
47,Vimbo,$78615.87,gdurand1a@hexun.com,44,Griffin Durand
48,Realcube,$54945.10,cpaquet1b@go.com,43,Clem Paquet
49,Tagcat,$72032.25,loxley1c@multiply.com,46,Lucretia Oxley
50,Skimia,$67380.07,vferschke1d@fema.gov,58,Vernen Ferschke
51,Eimbee,$39545.89,mtree1e@technorati.com,99,Manolo Tree
52,Zazio,$20150.17,mbrugman1f@shareasale.com,9,Mallissa Brugman
53,Meeveo,$24200.50,kedelheit1g@nature.com,15,Kimberlee Edelheit
54,Wikizz,$91945.88,fwoodley1h@mac.com,14,Fran Woodley
55,Skyvu,$87205.79,krodinger1i@usgs.gov,30,Kippar Rodinger
56,Zoonder,$62636.80,jde1j@tinyurl.com,73,Jillana De Stoop
57,Roombo,$95941.27,thalt1k@prnewswire.com,57,Theda Halt
58,Zoonder,$40161.98,bhandover1l@ustream.tv,42,Blanche Handover
59,Fliptune,$97567.57,bthwaite1m@eepurl.com,96,Bard Thwaite
60,Quimm,$20124.97,hkovalski1n@slate.com,23,Hi Kovalski
61,Rhyzio,$36104.76,ocrofts1o@typepad.com,30,Olivette Crofts
62,Tavu,$44645.91,bshorto1p@yellowbook.com,28,Bud Shorto
63,Einti,$32103.23,asinson1q@angelfire.com,7,Adrianna Sinson
64,Camimbo,$99290.82,ebarwick1r@vimeo.com,49,Everard Barwick
65,Tazzy,$35326.68,cmcphate1s@netvibes.com,74,Chadd McPhate
66,Browsecat,$21952.51,mroyal1t@paypal.com,24,Marilin Royal
67,Realfire,$25431.74,hcheake1u@shinystat.com,12,Hadlee Cheake
68,Jaxnation,$30165.94,nsirette1v@ow.ly,28,Nancey Sirette
69,Janyx,$90311.35,jrraundl1w@un.org,99,Jethro Rraundl
70,Vitz,$36042.16,nasquith1x@comcast.net,8,Nolly Asquith
71,Rooxo,$90754.62,kcallow1y@yahoo.com,74,Karlene Callow
72,Snaptags,$36234.42,bhune1z@topsy.com,20,Brandyn Hune
73,Eire,$38273.17,broylance20@whitehouse.gov,63,Bobinette Roylance
74,Jaxnation,$47281.36,alambotin21@behance.net,32,Arly Lambotin
75,Izio,$62022.20,lbillany22@hao123.com,19,Lori Billany
76,Camido,$96064.95,ldurbann23@geocities.com,7,Lou Durbann
77,Browsezoom,$45016.77,dhelstrom24@blogs.com,9,Diarmid Helstrom
78,Centimia,$86198.29,mescalante25@facebook.com,81,Modestine Escalante
79,Mudo,$18618.07,aflear26@mozilla.org,23,Avram Flear
80,Kimia,$82032.91,aklejna27@disqus.com,38,Annissa Klejna
81,Skipstorm,$40908.21,mvickress28@com.com,28,Marlow Vickress
82,Innotype,$30684.73,cparram29@xinhuanet.com,80,Corinna Parram
83,Browsetype,$49989.47,kjerrans2a@spotify.com,19,Kristine Jerrans
84,Flashset,$56973.08,vcowely2b@java.com,25,Vite Cowely
85,Ntag,$79388.29,gstedman2c@uol.com.br,60,Gerhard Stedman
86,Muxo,$87490.44,grains2d@dropbox.com,15,Granger Rains
87,Mita,$66797.27,epoolman2e@rambler.ru,78,Evey Poolman
88,Kaymbo,$67635.44,hbrandt2f@netlog.com,85,Hussein Brandt
89,Mymm,$6021.62,tlaybourn2g@blinklist.com,80,Turner Laybourn
90,Photojam,$76934.88,hocarroll2h@networkadvertising.org,57,Harald O'Carroll
91,Ailane,$36487.84,sbright2i@boston.com,2,Stephani Bright
92,Dabjam,$70797.41,amoulsdall2j@netvibes.com,17,Angelle Moulsdall
93,Edgetag,$5697.49,fdufaire2k@pbs.org,63,Flemming Dufaire
94,Wikizz,$33121.34,bscattergood2l@about.com,64,Barclay Scattergood
95,Skalith,$94071.97,cstucke2m@360.cn,94,Caitlin Stucke
96,Browsezoom,$80913.78,ibockin2n@unesco.org,66,Ignazio Bockin
97,Mudo,$12199.14,randreasen2o@qq.com,42,Robinia Andreasen
98,Ntag,$47079.40,bjardein2p@i2i.jp,54,Bess Jardein
99,Youopia,$89104.27,bcorpe2q@java.com,77,Bonita Corpe
100,Photospace,$19585.58,lmckee2r@va.gov,90,Lacee McKee
101,Zoombeat,$92715.38,jwalford2s@cornell.edu,54,Joanne Walford
102,Twitterbridge,$83155.90,espoole2t@nydailynews.com,22,Effie Spoole
103,Jetwire,$21097.95,vtolworth2u@google.com,73,Vivianna Tolworth
104,Twimbo,$63587.01,zkenealy2v@bandcamp.com,23,Zak Kenealy
105,Eare,$74253.39,dheadland2w@scientificamerican.com,86,Dinah Headland
106,Browsebug,$63366.82,cjacobi2x@senate.gov,99,Cly Jacobi
107,Jabberstorm,$62597.16,ltremblay2y@topsy.com,78,Lari Tremblay
108,Meevee,$49513.03,dst2z@fda.gov,66,Dale St. Louis
109,Trilia,$67911.66,bwillmett30@xing.com,76,Barbee Willmett
110,Katz,$39486.05,obeamson31@nyu.edu,46,Othello Beamson
111,Talane,$75277.52,oaveling32@examiner.com,98,Orbadiah Aveling
112,Twinte,$49760.64,orobey33@scribd.com,63,Ola Robey
113,Meevee,$70207.17,mfinlayson34@rakuten.co.jp,94,Manny Finlayson
114,Yabox,$14254.87,bbeale35@arstechnica.com,66,Braden Beale
115,Gabvine,$20524.52,mriguard36@gravatar.com,50,Malva Riguard
116,Zoonder,$19782.88,smclellan37@guardian.co.uk,29,Sinclare McLellan
117,Vimbo,$39387.93,ldymock38@uol.com.br,37,Laverna Dymock
118,Jaxworks,$67283.54,mbloor39@sohu.com,47,Matthias Bloor
119,Fanoodle,$56715.74,dshaddock3a@amazonaws.com,17,Danie Shaddock
120,Zoomzone,$17213.10,fstobbart3b@princeton.edu,65,Fredericka Stobbart
121,Avamm,$77359.52,mlotwich3c@cpanel.net,67,Morena Lotwich
122,Jabbertype,$75989.21,climrick3d@epa.gov,29,Camilla Limrick
123,Skibox,$54568.87,vdelue3e@europa.eu,98,Vinnie Delue
124,Realblab,$40153.35,ftratton3f@slashdot.org,63,Fred Tratton
125,Oyondu,$35605.04,rhallum3g@cnet.com,13,Reinwald Hallum
126,Kazu,$56120.40,ebunnell3h@abc.net.au,72,Elihu Bunnell
127,Voomm,$8280.59,cswatland3i@japanpost.jp,49,Cheston Swatland
128,Skaboo,$40652.62,lsealove3j@simplemachines.org,61,Linea Sealove
129,Blogspan,$19508.48,sbannell3k@oakley.com,62,Sandie Bannell
130,Trunyx,$41869.43,efarbrace3l@cdbaby.com,72,Erhart Farbrace
131,Realcube,$32383.32,jlipscombe3m@netlog.com,50,Juliane Lipscombe
132,Twimm,$74780.96,tjeste3n@about.me,94,Terese Jeste
133,Realmix,$53572.09,czannotti3o@zdnet.com,54,Clarabelle Zannotti
134,Kwilith,$96019.08,nhadwin3p@geocities.com,29,Netti Hadwin
135,Youspan,$43592.28,cwillwood3q@guardian.co.uk,4,Catherina Willwood
136,Youtags,$48979.09,dcrumbleholme3r@addtoany.com,3,Danielle Crumbleholme
137,Realbridge,$23349.86,kruncie3s@geocities.com,6,Kellia Runcie
138,Avamm,$28458.06,cmcrannell3t@google.com,53,Cody McRannell
139,Skaboo,$9863.91,dlowne3u@seattletimes.com,79,Dredi Lowne
140,Plambee,$7219.02,ssalvadore3v@dailymotion.com,74,Sheff Salvadore
141,Fatz,$39203.44,hzimmer3w@home.pl,55,Halley Zimmer
142,Trilia,$63426.29,rsturgis3x@utexas.edu,21,Randie Sturgis
143,Kayveo,$84115.80,greeve3y@networksolutions.com,85,Glynnis Reeve
144,Voonte,$68448.69,aplevin3z@xinhuanet.com,27,Aggi Plevin
145,Gabcube,$27367.30,cfigg40@merriam-webster.com,44,Celle Figg
146,Dabshots,$29393.53,neskrigge41@rakuten.co.jp,51,Noelani Eskrigge
147,Yata,$19955.88,lmarkwick42@omniture.com,23,Leontyne Markwick
148,Jabbertype,$39989.73,aentissle43@usatoday.com,74,Allina Entissle
149,Avamm,$5067.95,dnizet44@free.fr,37,Damien Nizet
150,Vipe,$82571.06,snevinson45@imageshack.us,49,Sascha Nevinson
151,Skajo,$60197.77,efranzonello46@flavors.me,96,Enrika Franzonello
152,Skyble,$31317.50,kmandell47@nyu.edu,76,Karen Mandell
153,Fiveclub,$70653.69,bjuschke48@lycos.com,2,Brooks Juschke
154,Avaveo,$78602.21,abredgeland49@answers.com,54,Araldo Bredgeland
155,DabZ,$91755.27,rmccaughey4a@blogspot.com,28,Randell McCaughey
156,Jabbercube,$61809.30,jkarpinski4b@sohu.com,46,Jada Karpinski
157,Oozz,$40422.03,tfilippyev4c@salon.com,35,Trevar Filippyev
158,Reallinks,$26919.14,grooper4d@constantcontact.com,12,Gabriellia Rooper
159,Divanoodle,$21690.20,mswatridge4e@spiegel.de,57,Mack Swatridge
160,Meeveo,$98648.00,ebaulch4f@plala.or.jp,54,Elvyn Baulch
161,Zoombox,$30210.15,ltavinor4g@soup.io,55,Leanna Tavinor
162,Feedspan,$98826.68,gdubble4h@dropbox.com,59,Grazia Dubble
163,Aimbo,$83208.35,tpudner4i@sun.com,38,Ted Pudner
164,Skinix,$43268.43,rlandre4j@arstechnica.com,84,Rozina Landre
165,Babbleset,$81760.71,tbennoe4k@php.net,14,Tyrone Bennoe
166,Twitterbridge,$77840.00,ideveral4l@blogspot.com,2,Ileana Deveral
167,Topicblab,$50196.90,lmaplesden4m@wikispaces.com,2,Lewiss Maplesden
168,Twiyo,$91068.23,cwestnage4n@i2i.jp,88,Cass Westnage
169,Meedoo,$91987.48,lpierrepoint4o@house.gov,58,Lucky Pierrepoint
170,Gabtune,$72161.01,jwinchurst4p@tmall.com,19,Jamima Winchurst
171,Brainsphere,$89675.74,agildersleeve4q@springer.com,18,Ashby Gildersleeve
172,Flashpoint,$80302.68,kpavier4r@domainmarket.com,95,Ken Pavier
173,Babbleblab,$62254.42,jernke4s@imageshack.us,88,Joell Ernke
174,Oba,$9394.09,mlillistone4t@feedburner.com,47,Margeaux Lillistone
175,Dazzlesphere,$49197.22,scranston4u@plala.or.jp,10,Sterling Cranston
176,Kwilith,$18811.79,krevington4v@blogs.com,79,Kaycee Revington
177,Ntags,$35429.62,mbodycomb4w@cocolog-nifty.com,91,Maiga Bodycomb
178,Devpulse,$95728.60,wtregenza4x@psu.edu,59,Wayne Tregenza
179,Ainyx,$69699.83,ldu4y@unesco.org,82,Laurie Du Plantier
180,Flashset,$67774.79,klorentzen4z@cpanel.net,15,Kailey Lorentzen
181,Nlounge,$50656.68,nscrivner50@tumblr.com,40,Nina Scrivner
182,Photobug,$96899.58,mjacmar51@google.com.hk,81,Mara Jacmar
183,Feedbug,$85228.74,kyurlov52@ning.com,95,Kevon Yurlov
184,Zoombox,$48621.58,emacswayde53@fotki.com,22,Estelle MacSwayde
185,Skajo,$85437.14,asomerset54@hatena.ne.jp,36,Ashlen Somerset
186,Fivespan,$95040.28,gsybbe55@harvard.edu,79,Grier Sybbe
187,Jayo,$66488.30,ryarrington56@163.com,73,Renate Yarrington
188,Oyoba,$61772.80,lgoundsy57@yale.edu,60,Lorry Goundsy
189,Flashspan,$18738.49,vnys58@altervista.org,51,Vi Nys
190,Avavee,$14803.15,thowat59@berkeley.edu,76,Trisha Howat
191,Fivespan,$15209.32,dtyndall5a@microsoft.com,55,Danie Tyndall
192,Digitube,$95451.43,vbowering5b@bloglovin.com,51,Viola Bowering
193,Tazz,$72704.11,keminson5c@vk.com,69,Kelly Eminson
194,Oba,$78630.46,dpuddle5d@comcast.net,54,Domingo Puddle
195,Youtags,$42422.98,dbeetham5e@tripadvisor.com,25,Dunc Beetham
196,InnoZ,$7923.54,ckelleher5f@ovh.net,2,Carter Kelleher
197,Skimia,$13250.60,awalkden5g@google.co.uk,62,Ashlee Walkden
198,Devshare,$8656.61,mkensett5h@china.com.cn,44,Melba Kensett
199,Yakidoo,$53588.16,awatts5i@skyrock.com,91,Adham Watts
200,Jamia,$82289.86,sklishin5j@irs.gov,72,Susann Klishin
201,Buzzbean,$85061.21,pcorwood5k@cisco.com,57,Peirce Corwood
202,Kazio,$21864.44,dmarquess5l@army.mil,71,Denny Marquess
203,Devpulse,$89527.12,esuarez5m@cyberchimps.com,76,Else Suarez
204,Cogibox,$62205.66,vbaythrop5n@google.com.hk,96,Vittorio Baythrop
205,Demimbu,$97074.46,hsommers5o@123-reg.co.uk,86,Hogan Sommers
206,JumpXS,$81061.21,aprestige5p@hibu.com,58,Aylmar Prestige
207,Voomm,$84780.00,rgrix5q@unesco.org,7,Reinold Grix
208,Skyba,$59973.08,earghent5r@google.co.jp,52,Ezechiel Arghent
209,Blogtag,$24963.00,uastman5s@ameblo.jp,54,Urbain Astman
210,Buzzshare,$41424.56,pollerearnshaw5t@fc2.com,26,Pamela Ollerearnshaw
211,Dabvine,$17482.33,vflude5u@lulu.com,46,Vittoria Flude
212,Riffwire,$11325.82,delflain5v@discovery.com,82,Doris Elflain
213,Skibox,$25951.83,sgaw5w@ihg.com,92,Stacia Gaw
214,Skyble,$63850.00,svan5x@feedburner.com,16,Saloma Van Leeuwen
215,Eayo,$41001.96,rstruss5y@twitter.com,72,Robinett Struss
216,Buzzster,$59449.24,hjacobsz5z@jiathis.com,15,Hugues Jacobsz
217,Edgewire,$18898.07,zhocking60@psu.edu,18,Zaria Hocking
218,Pixoboo,$57000.42,bbarts61@bloglines.com,51,Berthe Barts
219,Tagcat,$93162.48,flicas62@163.com,83,Fletch Licas
220,Photobean,$54127.77,ssaggs63@bravesites.com,23,Sid Saggs
221,Gabvine,$92676.05,bdunthorn64@exblog.jp,43,Barbie Dunthorn
222,Topdrive,$7835.14,beasbie65@chicagotribune.com,34,Bruis Easbie
223,Jaloo,$65556.69,dlivett66@ft.com,100,Dulcine Livett
224,Feedspan,$88376.21,mwellen67@uol.com.br,77,Mateo Wellen
225,Flashset,$41779.26,sde68@miitbeian.gov.cn,49,Shea De Cristoforo
226,Ntags,$44795.57,boriel69@deliciousdays.com,40,Bonnibelle Oriel
227,Yamia,$64759.09,nbareford6a@google.pl,72,Nicolina Bareford
228,Devcast,$65162.89,rscroggs6b@answers.com,99,Remy Scroggs
229,Divavu,$27213.66,nbalaison6c@mac.com,65,Nollie Balaison
230,Wikizz,$16375.50,jgracey6d@google.pl,35,Jaquelin Gracey
231,Thoughtbridge,$91877.92,ecastleton6e@va.gov,64,Eamon Castleton
232,Yozio,$73873.30,hvale6f@comcast.net,58,Heath Vale
233,Eare,$65473.22,tcardwell6g@is.gd,81,Tony Cardwell
234,Gigazoom,$62269.14,dryan6h@ycombinator.com,67,Diego Ryan
235,Buzzshare,$90189.00,dcribbin6i@amazon.com,100,Domeniga Cribbin
236,Leenti,$55393.39,tallanby6j@reverbnation.com,37,Thadeus Allanby
237,Tagcat,$13352.54,tfuke6k@1688.com,98,Theobald Fuke
238,Vipe,$40840.01,mblything6l@wordpress.org,38,Myrwyn Blything
239,Thoughtblab,$83644.24,lmatkin6m@unicef.org,55,Louie Matkin
240,Twiyo,$93403.75,amartyn6n@springer.com,98,Ambrosi Martyn
241,Brainsphere,$8711.75,rmarzelle6o@shinystat.com,37,Ralina Marzelle
242,Yotz,$45333.11,sbalffye6p@java.com,56,Stan Balffye
243,Quinu,$41585.76,mduplan6q@vkontakte.ru,51,Margot Duplan
244,Blognation,$17060.17,pfilippello6r@abc.net.au,89,Prisca Filippello
245,Linklinks,$57733.85,lcloughton6s@mayoclinic.com,10,Leonanie Cloughton
246,Tanoodle,$98193.92,bbemlott6t@sogou.com,78,Brandyn Bemlott
247,Edgepulse,$55783.31,atowers6u@scribd.com,5,Ambrosio Towers
248,Camimbo,$10863.36,kbudgett6v@163.com,100,Katie Budgett
249,Blogpad,$66367.64,tetheredge6w@is.gd,61,Tyrus Etheredge
250,Rhyloo,$41829.88,cnast6x@altervista.org,52,Carolina Nast
251,Buzzdog,$46790.18,tboyington6y@pinterest.com,27,Taffy Boyington
252,Fliptune,$15916.94,ngoodanew6z@4shared.com,75,Napoleon Goodanew
253,Dazzlesphere,$60386.44,cbreydin70@devhub.com,26,Charmine Breydin
254,Mydeo,$53541.89,hpott71@livejournal.com,70,Haley Pott
255,Miboo,$77590.13,mmacvanamy72@java.com,57,Mathian MacVanamy
256,Tazz,$96734.05,cdailly73@storify.com,11,Cosmo Dailly
257,Chatterbridge,$30589.05,dbrambill74@nih.gov,73,Danyette Brambill
258,Flashpoint,$51979.50,emoscrop75@netvibes.com,90,Eliot Moscrop
259,Agimba,$5219.32,dbilbee76@51.la,80,Delphinia Bilbee
260,Brightbean,$63402.83,htaynton77@github.io,16,Horacio Taynton
261,Vinte,$55674.69,mbarbey78@technorati.com,9,Maurise Barbey
262,Tanoodle,$74401.55,gkayley79@51.la,36,Gae Kayley
263,Avaveo,$11086.06,sjewett7a@ft.com,12,Scott Jewett
264,Fivechat,$85205.57,aeagell7b@hp.com,91,Amil Eagell
265,Devpoint,$57211.96,awilliment7c@umich.edu,99,Aloysia Williment
266,Trunyx,$92599.90,rklehn7d@moonfruit.com,64,Rudolph Klehn
267,Edgetag,$40713.65,acuthbertson7e@typepad.com,68,Annice Cuthbertson
268,Rhyloo,$98472.39,abellay7f@java.com,21,Alejandra Bellay
269,Skiptube,$18246.35,mboscott7g@theatlantic.com,89,Maye Boscott
270,Quatz,$56504.10,geldrett7h@comcast.net,4,Georgy Eldrett
271,Einti,$30644.22,bboag7i@sina.com.cn,2,Becca Boag
272,Cogilith,$85570.42,gbransom7j@jigsy.com,82,Gregorio Bransom
273,Zoonder,$63475.35,adalyell7k@illinois.edu,12,Anderea Dalyell
274,Realblab,$58982.29,vsommerling7l@cnet.com,87,Vinita Sommerling
275,Voonyx,$90646.90,escoggin7m@usnews.com,54,Ephraim Scoggin
276,Skidoo,$49659.04,nletixier7n@bloglovin.com,76,Naoma Letixier
277,Fanoodle,$77987.29,hschultheiss7o@google.com,63,Hercules Schultheiss
278,Eare,$81129.20,nmillthorpe7p@cnbc.com,96,Nap Millthorpe
279,Ntags,$80203.48,krosa7q@techcrunch.com,77,Krystyna Rosa
280,Wikivu,$20251.03,bfuggles7r@thetimes.co.uk,35,Brittan Fuggles
281,Twitterlist,$11086.40,jadshead7s@reuters.com,31,Josephina Adshead
282,Leenti,$92278.68,vdoget7t@barnesandnoble.com,100,Vinny Doget
283,Jaxnation,$34570.95,lludron7u@ucoz.com,87,Lenore Ludron
284,Fatz,$53395.81,hstuckley7v@aboutads.info,81,Heinrik Stuckley
285,Jabberstorm,$39440.70,dglyssanne7w@msu.edu,76,Davina Glyssanne
286,Jabberbean,$53592.48,rmcdonald7x@hexun.com,91,Rosanna McDonald
287,Aimbu,$60344.04,tlamcken7y@cyberchimps.com,85,Torrin Lamcken
288,Skyble,$77408.73,tgabbot7z@mozilla.com,60,Temp Gabbot
289,Yakitri,$99432.68,ahassey80@cnn.com,51,Angil Hassey
290,Abatz,$93223.23,nsliney81@myspace.com,12,Norris Sliney
291,Yakidoo,$37911.56,tnys82@netvibes.com,77,Tallou Nys
292,Blogtags,$48181.08,mmatasov83@1688.com,90,Maurise Matasov
293,Tazz,$38810.27,mkiffe84@tripod.com,32,Marga Kiffe
294,Jayo,$33133.06,jbairnsfather85@domainmarket.com,81,Julissa Bairnsfather
295,Photofeed,$11318.33,onaire86@businessinsider.com,89,Ofelia Naire
296,Skipfire,$76222.56,bdat87@amazon.co.jp,57,Bertie Dat
297,Skajo,$89458.72,gtebbet88@a8.net,6,Guglielma Tebbet
298,Zoomzone,$91822.74,plodovichi89@ucla.edu,31,Piggy Lodovichi
299,Ntags,$64723.36,mfeirn8a@cafepress.com,17,Mable Feirn
300,Oyope,$10313.81,zdudman8b@ameblo.jp,75,Zach Dudman
301,Yakijo,$76351.25,nbraunston8c@mediafire.com,12,Nichole Braunston
302,Janyx,$80290.23,criply8d@ehow.com,44,Catarina Riply
303,Divape,$68968.39,pivushkin8e@addtoany.com,22,Patton Ivushkin
304,Kimia,$10990.49,klossman8f@marketwatch.com,42,Kayla Lossman
305,Youspan,$14206.60,jtomaszek8g@mapy.cz,53,Jordain Tomaszek
306,Zoonoodle,$90511.80,mcater8h@netlog.com,1,Marcellus Cater
307,Lazz,$76270.88,jmorrell8i@google.co.jp,16,Jessi Morrell
308,Photobean,$32001.06,qhawkridge8j@sphinn.com,62,Quintina Hawkridge
309,Twitterbeat,$86944.95,mkorpal8k@scribd.com,83,Marchall Korpal
310,Brainbox,$14067.80,tthorold8l@multiply.com,76,Trula Thorold
311,Fliptune,$68787.53,dwickwarth8m@google.com,65,Donn Wickwarth
312,Mymm,$49530.97,rrosell8n@jimdo.com,88,Rachel Rosell
313,Yambee,$94753.03,ajakab8o@vimeo.com,84,Andy Jakab
314,Eidel,$83365.30,sthornbarrow8p@hc360.com,28,Sayre Thornbarrow
315,Jabberstorm,$81633.30,haudas8q@unicef.org,55,Hedy Audas
316,Twinder,$24913.29,cgamlyn8r@trellian.com,86,Constance Gamlyn
317,Agivu,$47677.12,ahallbird8s@furl.net,69,Ailbert Hallbird
318,Twitterworks,$64255.43,ogaven8t@foxnews.com,49,Otha Gaven
319,Gigaclub,$12290.77,fpetrussi8u@skype.com,42,Francesco Petrussi
320,Snaptags,$46756.19,eshaefer8v@cocolog-nifty.com,10,Elisha Shaefer
321,Eimbee,$30269.52,kvasnev8w@mediafire.com,79,Khalil Vasnev
322,Omba,$28556.31,ldobeson8x@xrea.com,79,Leonora Dobeson
323,Lajo,$69751.72,mhanhardt8y@stanford.edu,16,Murdock Hanhardt
324,Yodel,$12352.90,mmarjanski8z@livejournal.com,97,Melvyn Marjanski
325,Thoughtmix,$23108.36,jhuonic90@noaa.gov,10,Josy Huonic
326,Blognation,$63479.00,jcockshoot91@tumblr.com,40,Jasmin Cockshoot
327,Lazzy,$24568.94,jkerrane92@altervista.org,10,Jacqui Kerrane
328,Browsecat,$99909.78,cpierse93@pagesperso-orange.fr,13,Chic Pierse
329,Gigazoom,$65066.87,bmacascaidh94@uol.com.br,98,Brinn MacAscaidh
330,Kwideo,$7719.36,lemlin95@archive.org,16,Lewiss Emlin
331,Camimbo,$43136.46,jmckillop96@wordpress.com,25,Jehu McKillop
332,Wikizz,$43970.53,fgarrett97@jigsy.com,78,Ferdy Garrett
333,Reallinks,$82609.26,dawin98@state.tx.us,25,Dud Awin
334,Mydo,$24707.26,rpallasch99@taobao.com,60,Reggis Pallasch
335,Thoughtbeat,$76062.82,lmcnicol9a@friendfeed.com,24,Lauritz McNicol
336,Jayo,$20801.13,ehenzley9b@ovh.net,55,Ellynn Henzley
337,Oyope,$83732.89,abruins9c@illinois.edu,63,Arman Bruins
338,Vidoo,$33353.55,go9d@cocolog-nifty.com,29,Genevra O' Shea
339,Twitterwire,$77195.63,kpettipher9e@163.com,61,Kaja Pettipher
340,Quimba,$75911.20,dkindred9f@google.nl,86,Dorian Kindred
341,Kare,$16516.93,erittelmeyer9g@51.la,36,Eal Rittelmeyer
342,Shuffledrive,$87606.38,dfearns9h@geocities.jp,21,Derwin Fearns
343,Linkbuzz,$46887.21,mgueinn9i@cocolog-nifty.com,77,Michael Gueinn
344,Realcube,$29925.67,golunney9j@unicef.org,87,Glenn O'Lunney
345,Pixoboo,$34452.12,rholyard9k@wikispaces.com,97,Rosalinda Holyard
346,Lajo,$41578.13,tlawie9l@disqus.com,26,Thalia Lawie
347,Dazzlesphere,$35828.47,jfilipson9m@bbb.org,80,Jamil Filipson
348,Zoomdog,$42898.96,sdannel9n@alibaba.com,31,Stacia Dannel
349,Rhybox,$98694.17,gradbourne9o@flavors.me,86,Gonzales Radbourne
350,Jaxworks,$98447.65,ekarpmann9p@posterous.com,11,Euell Karpmann
351,Zooveo,$30074.89,jde9q@jugem.jp,75,Josephina de la Valette Parisot
352,Skynoodle,$27367.93,fettery9r@weebly.com,49,Franzen Ettery
353,Jatri,$84418.86,mjoincey9s@yahoo.com,17,Marietta Joincey
354,Cogilith,$44318.13,sbucky9t@bloomberg.com,67,Skelly Bucky
355,Rhycero,$70082.98,adreini9u@who.int,58,Amandy Dreini
356,Zava,$63928.93,kbaudesson9v@illinois.edu,19,Karlotta Baudesson
357,Trudoo,$14272.84,lkunzler9w@yellowpages.com,38,Lissie Kunzler
358,Muxo,$39660.22,cvannoort9x@foxnews.com,99,Clarinda Vannoort
359,Minyx,$43891.65,kdagnan9y@webnode.com,51,Kristoforo Dagnan
360,Yata,$84494.60,hconsadine9z@jugem.jp,14,Hamel Consadine
361,Fivebridge,$82929.04,sgwatkina0@yahoo.co.jp,91,Son Gwatkin
362,Jaxbean,$93378.40,bbeefona1@example.com,63,Byram Beefon
363,Browsetype,$38062.87,dsemonina2@unblog.fr,26,Dud Semonin
364,Babbleblab,$13376.39,bbednalla3@netscape.com,2,Barney Bednall
365,Realcube,$41842.61,cillingwortha4@unblog.fr,66,Cecilla Illingworth
366,Innojam,$18250.83,ekeeleya5@omniture.com,35,Effie Keeley
367,Mita,$14757.66,rcomporta6@vistaprint.com,59,Renard Comport
368,Izio,$51589.84,hgiocannonia7@google.pl,85,Hillie Giocannoni
369,Buzzster,$76315.42,abollera8@shutterfly.com,3,Albina Boller
370,Digitube,$39056.35,bsarsonsa9@theguardian.com,46,Beverley Sarsons
371,Izio,$17242.41,npeplowaa@abc.net.au,12,Natalina Peplow
372,Ooba,$97325.72,mflageulab@xinhuanet.com,66,Maisie Flageul
373,Photolist,$75468.57,pvardenac@dailymail.co.uk,37,Pearle Varden
374,Eadel,$88779.27,rwegmanad@booking.com,90,Randy Wegman
375,Nlounge,$52736.84,bbraunae@naver.com,37,Brook Braun
376,Oyondu,$51680.13,gpooneaf@wordpress.org,44,Gwenette Poone
377,Eidel,$56938.41,carnholzag@xing.com,6,Cos Arnholz
378,Topiczoom,$5913.67,alamminamah@nature.com,22,Adelice Lamminam
379,Tagtune,$67433.20,ssummerlieai@cafepress.com,57,Sascha Summerlie
380,Youfeed,$11971.77,lcarluccioaj@google.cn,97,Lionel Carluccio
381,Izio,$65982.69,kworboyak@nps.gov,62,Kimberley Worboy
382,Divanoodle,$12684.77,aandreuzzial@timesonline.co.uk,40,Arabele Andreuzzi
383,Twiyo,$89536.18,rgraylandam@arizona.edu,10,Riane Grayland
384,Trilia,$19103.55,nmarquisan@feedburner.com,84,Nickolaus Marquis
385,Babbleopia,$24444.67,ckilduffao@seesaa.net,6,Chantalle Kilduff
386,Fiveclub,$32051.43,dsambellap@imgur.com,37,Douglass Sambell
387,Vipe,$38794.91,lhesseaq@xrea.com,33,Lin Hesse
388,Feedmix,$54149.52,mspeerar@independent.co.uk,24,Marla Speer
389,Fliptune,$27715.62,tjoskowitzas@wunderground.com,59,Trudey Joskowitz
390,Yozio,$18976.00,cbeamsonat@nasa.gov,85,Cassandra Beamson
391,Skilith,$83359.63,rturfesau@deviantart.com,24,Reinwald Turfes
392,Aimbu,$13827.43,lgostageav@digg.com,9,Lorilee Gostage
393,Vinder,$76278.71,dkightlyaw@earthlink.net,65,Dore Kightly
394,Fivespan,$30700.21,wmonetiax@rediff.com,64,Wiley Moneti
395,Edgewire,$25948.13,mdepkaay@weebly.com,17,Maxi Depka
396,Livefish,$86480.46,vcurdaz@networksolutions.com,9,Viviyan Curd
397,Gigabox,$49663.12,dhaggletonb0@google.com,37,Darelle Haggleton
398,Yodel,$51951.90,cheatherb1@cargocollective.com,36,Corabelle Heather
399,Gabtype,$87467.45,bbrownhillb2@blogspot.com,78,Brunhilda Brownhill
400,Oozz,$87565.04,mcrawforthb3@pcworld.com,14,Milo Crawforth
401,Pixoboo,$71941.87,dlorrieb4@arizona.edu,64,Dahlia Lorrie
402,Wordify,$45832.81,agambellb5@nifty.com,30,Alyson Gambell
403,Shuffletag,$66737.54,hklimschakb6@topsy.com,48,Hedy Klimschak
404,Topicstorm,$35656.85,khambrightb7@multiply.com,20,Ker Hambright
405,Zoomzone,$13319.09,akeartonb8@cornell.edu,47,Ali Kearton
406,Edgetag,$70518.63,cfoxworthyb9@merriam-webster.com,57,Carly Foxworthy
407,Realmix,$40648.20,daitkenba@csmonitor.com,35,Donella Aitken
408,Devshare,$96130.48,ptwinbornebb@mozilla.com,7,Prescott Twinborne
409,Muxo,$46679.09,fnuccitellibc@hexun.com,60,Fabian Nuccitelli
410,Eayo,$21219.25,mdonnersbergbd@meetup.com,13,Meaghan Donnersberg
411,Tekfly,$45920.21,cmeddingsbe@list-manage.com,22,Clark Meddings
412,Flashpoint,$36732.82,vorrisbf@cargocollective.com,31,Vivien Orris
413,Reallinks,$5230.89,cbrickhambg@tinypic.com,5,Creigh Brickham
414,Feednation,$58627.71,nbonbh@samsung.com,75,Normy Bon
415,Thoughtmix,$67634.88,mhoogendorpbi@msu.edu,8,Mame Hoogendorp
416,Gigazoom,$48907.42,edodwellbj@chron.com,63,Eolanda Dodwell
417,Jetpulse,$9395.05,eshortobk@g.co,4,Esteban Shorto
418,Topicstorm,$97015.10,pgoodgerbl@ask.com,96,Perceval Goodger
419,Skyvu,$87254.26,bbrewerbm@netlog.com,43,Bryanty Brewer
420,Yata,$47991.20,ecolleltonbn@behance.net,53,Emelita Collelton
421,Jaxbean,$40444.37,alambrechtsbo@elpais.com,10,Alaine Lambrechts
422,Wikivu,$43001.83,tpettegreebp@bigcartel.com,19,Toddie Pettegree
423,Jaxnation,$14536.01,cprescotebq@loc.gov,34,Clemmy Prescote
424,Yakidoo,$23944.38,kblainebr@fotki.com,99,Kellsie Blaine
425,Gigaclub,$28966.07,ringlishbs@alexa.com,69,Rani Inglish
426,Gabvine,$14820.25,bhanburybt@google.com.br,37,Babette Hanbury
427,Thoughtmix,$30014.08,agatheridgebu@gravatar.com,25,Ariana Gatheridge
428,Jazzy,$40065.62,lbrumbv@photobucket.com,7,Laraine Brum
429,Rhycero,$48866.78,alichfieldbw@vimeo.com,99,Abba Lichfield
430,Demizz,$27242.92,mgurneebx@altervista.org,56,Merl Gurnee
431,Roomm,$78581.26,garchdeaconby@tinypic.com,40,Giles Archdeacon
432,Riffpath,$73779.79,mfeckeybz@sitemeter.com,44,Markos Feckey
433,Yozio,$73359.56,mflorioc0@google.com,19,Mirna Florio
434,Innotype,$73181.80,tdadamoc1@java.com,87,Tabby D'Adamo
435,Fanoodle,$19686.35,bculbardc2@sciencedirect.com,54,Burr Culbard
436,Fliptune,$66676.86,cmcallisterc3@mapy.cz,16,Clea McAllister
437,Tagfeed,$26999.10,oberreyc4@europa.eu,23,Orrin Berrey
438,Flipopia,$40591.58,sloudc5@lulu.com,49,Saundra Loud
439,Topiclounge,$33790.72,hbiddissc6@dedecms.com,89,Howard Biddiss
440,Edgewire,$29985.04,bgayec7@fc2.com,21,Bertha Gaye
441,Tagcat,$71680.85,kmckeighanc8@google.com.au,97,Kessia McKeighan
442,Vidoo,$65941.55,vtreppasc9@google.co.jp,19,Vanya Treppas
443,Tazz,$6901.56,geastgateca@mozilla.org,64,Georgina Eastgate
444,Wikibox,$74783.35,mloreitcb@vinaora.com,83,Marietta Loreit
445,Bubbletube,$39751.54,ddjurkoviccc@yolasite.com,85,Dallas Djurkovic
446,Voolith,$66494.34,bsearsoncd@chicagotribune.com,6,Bax Searson
447,Centizu,$6726.99,mwilderspoonce@cisco.com,54,Madelina Wilderspoon
448,Brainsphere,$19558.18,mcornaucf@businessweek.com,11,Mariette Cornau
449,Devbug,$96336.54,oseverwrightcg@ustream.tv,88,Odilia Severwright
450,Npath,$74329.03,sgorriech@dedecms.com,25,Sherm Gorrie
451,Dabvine,$56051.59,jstopsci@blogs.com,94,Jillayne Stops
452,Yambee,$37862.34,rhammillcj@gravatar.com,21,Roman Hammill
453,Twitterbridge,$87710.80,cjosselsohnck@1und1.de,22,Collin Josselsohn
454,Ozu,$37058.31,nkarpmanncl@nature.com,85,Nolan Karpmann
455,Dablist,$94553.28,sstammerscm@va.gov,40,Samaria Stammers
456,Babbleset,$53666.21,igorriescn@addthis.com,35,Ivory Gorries
457,Photobean,$55764.74,esackeyco@mediafire.com,2,Emlynne Sackey
458,Kamba,$92596.94,sudalecp@posterous.com,75,Sena Udale
459,Meemm,$49775.91,mcallcottcq@narod.ru,69,Marshal Callcott
460,Flashset,$52004.27,jemmacr@apple.com,6,Jacintha Emma
461,Tagpad,$98093.45,astivenscs@marketwatch.com,96,Ashli Stivens
462,Skippad,$59561.67,mboutellierct@blogger.com,13,Merralee Boutellier
463,Babbleset,$93324.68,cbedomecu@google.es,67,Christoper Bedome
464,Thoughtblab,$95898.85,jellulcv@mac.com,55,Jeramie Ellul
465,Riffpedia,$43791.01,arehorcw@tinypic.com,70,Abbi Rehor
466,Vinte,$95214.86,aandriessencx@g.co,21,Ardeen Andriessen
467,Gevee,$52215.26,edemangeotcy@scientificamerican.com,47,Elyse Demangeot
468,Oyoba,$37562.48,mgatsbycz@about.com,81,Mae Gatsby
469,Katz,$53181.43,cguyerd0@furl.net,88,Cassi Guyer
470,Quamba,$64304.40,tspringelld1@marriott.com,32,Tyson Springell
471,Browseblab,$9859.09,vpennyd2@accuweather.com,80,Vincenz Penny
472,Skidoo,$49240.79,sshiersd3@ft.com,1,Sherm Shiers
473,Mydo,$12288.26,kespinod4@ask.com,78,Kania Espino
474,Midel,$37857.11,hfullaloved5@comsenz.com,44,Hallsy Fullalove
475,Bluezoom,$20152.95,bweagenerd6@addthis.com,50,Bella Weagener
476,Feednation,$17424.43,rwinslettd7@samsung.com,41,Rebeca Winslett
477,Jetpulse,$13807.40,rstallworthd8@google.cn,51,Regen Stallworth
478,Gigashots,$75885.34,lrated9@g.co,59,Lilian Rate
479,Quimba,$89197.61,npikettda@joomla.org,25,Nollie Pikett
480,Meezzy,$49454.99,pdedb@vimeo.com,6,Phil De L'Isle
481,Dabshots,$59180.49,hwolstenholmedc@bloglines.com,10,Hymie Wolstenholme
482,Zoombeat,$59411.50,glamontdd@networkadvertising.org,20,Giffer Lamont
483,Brainlounge,$95937.24,csauvainde@rakuten.co.jp,86,Clare Sauvain
484,Blognation,$59754.40,nbootherstonedf@dot.gov,97,Nils Bootherstone
485,Yacero,$80777.79,erussillldg@wikia.com,26,Elva Russilll
486,Quatz,$55049.10,ddriverdh@pcworld.com,84,Dorothea Driver
487,Feedfire,$63783.27,ryeliashevdi@skype.com,78,Rebecca Yeliashev
488,Quinu,$22886.94,cmcgonagledj@macromedia.com,35,Charissa McGonagle
489,Layo,$72308.42,mclaricoatesdk@discovery.com,77,Mari Claricoates
490,Eayo,$34638.60,acrilleydl@list-manage.com,18,Adore Crilley
491,Latz,$58449.11,wlifseydm@vk.com,88,Washington Lifsey
492,Babbleset,$38957.33,ycurnokkdn@unicef.org,39,Yetta Curnokk
493,Pixoboo,$15947.76,hbarckedo@unesco.org,48,Henrietta Barcke
494,Oyonder,$81887.13,ocescodp@liveinternet.ru,47,Orazio Cesco
495,Thoughtbeat,$16785.81,kwhithamdq@go.com,64,Kylie Whitham
496,Browsedrive,$39344.73,aclaraedr@diigo.com,32,Adelaida Clarae
497,Twinder,$98487.07,nluceds@4shared.com,36,Neel Luce
498,Fiveclub,$64176.62,dsmetoundt@cnbc.com,17,Dani Smetoun
499,Feednation,$76621.35,apigottdu@weebly.com,69,Antone Pigott
500,Trunyx,$14315.39,rhernikdv@geocities.com,79,Rutter Hernik
501,Mydo,$82066.11,lrennixdw@reuters.com,43,Lorry Rennix
502,Topicshots,$7470.59,hhiblingdx@home.pl,91,Homere Hibling
503,Thoughtsphere,$68955.95,bbootdy@ustream.tv,2,Barbra Boot
504,Buzzbean,$81232.03,aleregodz@over-blog.com,37,Auguste Lerego
505,Twitterwire,$11873.80,ehendriksee0@sun.com,3,Elton Hendrikse
506,Zooxo,$34501.24,mminifiee1@mtv.com,9,Minni Minifie
507,Gabcube,$77791.07,ibemlotte2@networksolutions.com,22,Ive Bemlott
508,Ainyx,$20393.94,ndochone3@ocn.ne.jp,78,Niki Dochon
509,Browsedrive,$85980.83,lmcbratneye4@addthis.com,3,Laurene McBratney
510,Jabbertype,$10084.96,cskupinskie5@hostgator.com,48,Cher Skupinski
511,Oyoba,$68531.06,gdyersone6@sakura.ne.jp,88,Georgia Dyerson
512,Kamba,$51671.30,dpirniee7@netscape.com,20,Doralynne Pirnie
513,Buzzdog,$75717.69,krimbaulte8@craigslist.org,62,Karen Rimbault
514,Babblestorm,$5142.72,rteese9@ovh.net,77,Rosene Tees
515,Devpulse,$47287.06,rgillhespyea@artisteer.com,5,Rey Gillhespy
516,Quinu,$43610.84,rlangeleyeb@artisteer.com,2,Rog Langeley
517,Topicware,$19636.67,dkeaveneyec@kickstarter.com,15,Duncan Keaveney
518,Blognation,$78002.79,ghabboned@soup.io,32,Gwenneth Habbon
519,Voonix,$59817.56,dsmallee@utexas.edu,58,Damien Small
520,Gabcube,$66703.82,kmcbeanef@macromedia.com,61,Kiley McBean
521,Fadeo,$79125.94,jknightlyeg@oracle.com,70,Jefferson Knightly
522,Tagchat,$33587.08,aduinbletoneh@joomla.org,71,Ambrosius Duinbleton
523,Brainverse,$67897.97,lainscowei@economist.com,44,Laverne Ainscow
524,Rhynoodle,$97652.32,greightleyej@imgur.com,31,Giffy Reightley
525,Tagchat,$38538.38,asaywardek@ocn.ne.jp,36,Andriana Sayward
526,Blogpad,$47470.09,kbattelleel@google.pl,31,Kerry Battelle
527,Eimbee,$51826.90,dpopplewellem@ucsd.edu,97,Demetrius Popplewell
528,Zazio,$35200.37,csyceen@furl.net,43,Corena Syce
529,Skipfire,$23792.96,mhrinishineo@mysql.com,86,Marshal Hrinishin
530,Topdrive,$50681.06,hbourhillep@yellowpages.com,34,Helaina Bourhill
531,Rhynoodle,$98548.35,croycrafteq@plala.or.jp,81,Cymbre Roycraft
532,Yodoo,$36553.16,vnanaer@blogs.com,77,Verna Nana
533,Katz,$66952.18,tdinceyes@psu.edu,46,Tori Dincey
534,Topicware,$73832.95,cziemkeet@ucoz.com,92,Celina Ziemke
535,Jabbersphere,$8174.15,tpenkethmaneu@house.gov,85,Tillie Penkethman
536,Skinte,$48091.99,lkimblinev@wp.com,45,Laurianne Kimblin
537,Zoomlounge,$88691.10,efearnsidesew@i2i.jp,77,Eulalie Fearnsides
538,Zoomlounge,$38204.75,bgerssamex@cam.ac.uk,19,Bay Gerssam
539,Realcube,$98558.02,rfloodgateey@marriott.com,56,Robinia Floodgate
540,Realbridge,$27451.68,seadmeadez@vk.com,62,Saloma Eadmead
541,Rhynoodle,$99548.69,ameedendorpef0@bing.com,50,Ardis Meedendorpe
542,Skippad,$17022.84,cdanaherf1@google.ru,33,Carree Danaher
543,Thoughtstorm,$18662.09,dsimmonitef2@google.com,97,Donia Simmonite
544,Twitternation,$84470.84,kschindlerf3@intel.com,38,Katerina Schindler
545,Mybuzz,$59959.89,kblakewayf4@illinois.edu,75,Karee Blakeway
546,Dynabox,$8076.70,yjessardf5@samsung.com,14,Yolanthe Jessard
547,Bluezoom,$53502.50,nmocherf6@archive.org,82,Nikoletta Mocher
548,DabZ,$25708.72,greddihoughf7@archive.org,19,Gratiana Reddihough
549,Browsezoom,$83771.07,ajacobf8@dropbox.com,12,Abbe Jacob
550,Topicblab,$53064.07,lcreedf9@360.cn,26,Liliane Creed
551,Blogtags,$10540.05,ttitheridgefa@upenn.edu,37,Thomasin Titheridge
552,Yozio,$5996.18,afairburnefb@uol.com.br,38,Alikee Fairburne
553,Babbleblab,$59908.55,aserotskyfc@loc.gov,39,Aline Serotsky
554,Shuffledrive,$44805.44,bhabbijamfd@mapquest.com,51,Berkley Habbijam
555,Skyba,$17204.48,rdarvillefe@furl.net,5,Rosalinde Darville
556,Mynte,$92327.18,gmundfordff@independent.co.uk,95,Gage Mundford
557,Flipbug,$11234.75,tmunganfg@blogs.com,32,Tim Mungan
558,Edgeclub,$55561.52,blumsdainefh@uiuc.edu,59,Bryn Lumsdaine
559,Katz,$94740.38,nmatthausfi@xinhuanet.com,8,Noah Matthaus
560,Photojam,$40001.92,tcroallfj@google.co.jp,37,Trudey Croall
561,Skipfire,$70332.98,taaronsohnfk@ted.com,93,Thelma Aaronsohn
562,Shuffletag,$81987.32,ccomettoifl@booking.com,24,Carlina Comettoi
563,Skiba,$22151.82,ztrickettfm@bigcartel.com,16,Zared Trickett
564,Snaptags,$5830.89,dwaggittfn@businessweek.com,16,Dru Waggitt
565,Topiclounge,$58192.56,btourmellfo@privacy.gov.au,95,Brendon Tourmell
566,Oyonder,$26548.77,ctownleyfp@smugmug.com,55,Clarette Townley
567,Rooxo,$56996.60,nsiddonsfq@census.gov,85,Nikki Siddons
568,Jetpulse,$73672.03,rwewellfr@salon.com,75,Rosamond Wewell
569,Eadel,$83703.90,agonfs@squidoo.com,20,Abbot Gon
570,Vinte,$13275.16,qjocelynft@spiegel.de,16,Quentin Jocelyn
571,Topiclounge,$8638.29,tsharmafu@patch.com,7,Tobi Sharma
572,Thoughtbeat,$93076.66,mpostlewhitefv@lycos.com,97,Martha Postlewhite
573,Jabberbean,$95301.46,ghousbyfw@home.pl,62,Gigi Housby
574,Thoughtstorm,$8962.67,kverdunfx@oakley.com,78,Kyle Verdun
575,Voomm,$61407.37,dseeksfy@posterous.com,91,Drusy Seeks
576,Wikido,$84397.05,jbrazerfz@theguardian.com,61,Jemmy Brazer
577,Thoughtmix,$34448.09,ibalwing0@indiatimes.com,47,Iain Balwin
578,Topicstorm,$22951.57,mdimitrovg1@facebook.com,33,Myra Dimitrov
579,Gigabox,$29834.68,bgillsong2@hubpages.com,40,Bamby Gillson
580,Mita,$12534.46,wcripwellg3@myspace.com,19,Welby Cripwell
581,Bluejam,$51022.77,dgrinnikovg4@51.la,48,Danice Grinnikov
582,InnoZ,$29560.18,gmagnarg5@salon.com,49,Gui Magnar
583,Gevee,$58746.45,istiegerg6@myspace.com,47,Ignatius Stieger
584,Bubblebox,$49159.64,fissacg7@ebay.co.uk,83,Flora Issac
585,Thoughtblab,$54519.51,kbollandg8@issuu.com,10,Karyl Bolland
586,Riffpedia,$8768.30,ebeveredgeg9@yelp.com,86,Eadmund Beveredge
587,Abata,$48525.30,abramwellga@stumbleupon.com,46,Ashley Bramwell
588,Gevee,$57270.27,thammgb@time.com,56,Thomas Hamm
589,Geba,$46233.74,rwaltongc@apache.org,58,Roanna Walton
590,Skyble,$55782.23,ihesbrookgd@newsvine.com,45,Ianthe Hesbrook
591,Photobug,$10740.86,dcutforthge@about.com,28,Drucy Cutforth
592,Feedspan,$98432.37,cbaumfordgf@t.co,64,Caresse Baumford
593,Twitterworks,$43518.22,tcrockengg@paypal.com,88,Trevor Crocken
594,Centizu,$57230.91,lthaxtongh@state.tx.us,85,Luella Thaxton
595,Twitterwire,$51070.66,gtacongi@reddit.com,94,Giulia Tacon
596,Edgeclub,$78755.76,hgowersgj@harvard.edu,80,Heinrik Gowers
597,Trudoo,$55762.92,dbachelorgk@bloglovin.com,18,Daffie Bachelor
598,Realcube,$67181.57,wrobbiegl@hexun.com,66,Wallie Robbie
599,Voonyx,$68997.03,scayfordgm@booking.com,67,Shell Cayford
600,Cogidoo,$87976.28,scawsygn@intel.com,77,Sarene Cawsy
601,Flipstorm,$49889.36,iparysiakgo@google.com.au,68,Idaline Parysiak
602,Mydo,$16249.00,mlamkegp@live.com,7,Maximilian Lamke
603,Yakitri,$12414.59,einottgq@alexa.com,11,Elsi Inott
604,Dynabox,$76083.41,gbecarragr@chronoengine.com,27,Gail Becarra
605,Avavee,$89761.07,ismeetongs@csmonitor.com,12,Israel Smeeton
606,Skippad,$37171.30,gsalomongt@yale.edu,78,Gillan Salomon
607,Kwinu,$7153.11,whodgetsgu@time.com,80,Willey Hodgets
608,Thoughtmix,$65773.81,bferneyhoughgv@illinois.edu,99,Berton Ferneyhough
609,Kazio,$79709.34,astickelsgw@google.es,9,Aldon Stickels
610,Trilith,$11740.59,aclausgx@blogspot.com,67,Audry Claus
611,Livetube,$54355.74,fdominguesgy@goo.gl,61,Fonzie Domingues
612,Kayveo,$32633.64,ddytegz@icio.us,7,Demetri Dyte
613,Topicstorm,$46511.79,aobruenh0@theglobeandmail.com,88,Aleta O'Bruen
614,Voolith,$97488.20,rslewcockh1@diigo.com,63,Raye Slewcock
615,Yodel,$9051.72,dmullissh2@flavors.me,23,Daffy Mulliss
616,Dazzlesphere,$40023.19,belioth3@redcross.org,78,Brenn Eliot
617,Kanoodle,$23122.72,larpinoh4@discovery.com,83,Lorenza Arpino
618,Skiba,$32896.56,sshewonh5@pcworld.com,19,Sandye Shewon
619,Yodel,$30335.38,jgudgionh6@reddit.com,50,Jacqui Gudgion
620,Jaxbean,$70641.34,aferrarih7@quantcast.com,31,Adelina Ferrari
621,Gabtune,$85747.31,wworrillh8@discuz.net,84,Wolfgang Worrill
622,InnoZ,$37324.64,mlinningh9@usa.gov,80,Michail Linning
623,Twitternation,$14431.60,vtotaroha@ebay.co.uk,17,Valida Totaro
624,Kwinu,$64365.97,rpedersenhb@devhub.com,63,Rik Pedersen
625,Thoughtbridge,$31310.14,jsnalumhc@usgs.gov,16,Jeffrey Snalum
626,Thoughtblab,$28466.88,ddoublehd@abc.net.au,16,Dukie Double
627,Centidel,$59729.60,rallonehe@shop-pro.jp,77,Rodolphe Allone
628,Livetube,$8585.31,djenynshf@cloudflare.com,17,Donnajean Jenyns
629,Yodoo,$34418.70,bbezantshg@twitpic.com,28,Benny Bezants
630,Vimbo,$47909.64,fdossetterhh@goodreads.com,20,Fran Dossetter
631,Mynte,$50844.70,dwhittleshi@sourceforge.net,10,Davin Whittles
632,Agimba,$56149.40,bcoenhj@walmart.com,38,Bert Coen
633,Avamm,$98828.35,pocalleranhk@g.co,35,Philbert O'Calleran
634,Babbleblab,$91159.10,mbroadfieldhl@furl.net,69,Mandi Broadfield
635,Gabcube,$42272.36,tfollitthm@unesco.org,51,Toddie Follitt
636,Cogidoo,$34550.29,npateyhn@shutterfly.com,93,Nathalia Patey
637,Livetube,$98480.28,hsissonho@gov.uk,66,Hube Sisson
638,Quire,$15074.46,awaldrenhp@sohu.com,42,Anet Waldren
639,Twitterlist,$57609.11,alepardhq@disqus.com,32,Anni Lepard
640,Wikizz,$74903.56,dklampthr@redcross.org,22,Dwight Klampt
641,Livefish,$79822.80,gfiremanhs@ebay.com,63,Garvey Fireman
642,Quaxo,$9245.60,pfursseht@canalblog.com,39,Pauletta Fursse
643,Zoombeat,$36508.30,dvanhu@fda.gov,91,Dawn Van Waadenburg
644,Centidel,$52735.04,cheliarhv@techcrunch.com,25,Conney Heliar
645,Miboo,$11627.54,bbennenhw@example.com,24,Bel Bennen
646,Plambee,$37325.11,penochhx@si.edu,93,Panchito Enoch
647,Feedfire,$57097.45,nbruhnhy@oakley.com,44,Nick Bruhn
648,Skyndu,$30993.22,sboyshz@usgs.gov,23,Sonnie Boys
649,Skyble,$33059.85,wstannetti0@umich.edu,75,Woodman Stannett
650,Trilia,$58023.76,mpuckeri1@oaic.gov.au,74,Maurie Pucker
651,LiveZ,$68304.04,amaccolmi2@arstechnica.com,45,Arleen MacColm
652,Roomm,$23261.43,vhargravei3@webnode.com,98,Vernice Hargrave
653,Flipstorm,$13427.79,aredmondi4@moonfruit.com,89,Armin Redmond
654,Quinu,$33659.54,hmayberryi5@rediff.com,19,Hazlett Mayberry
655,Linkbridge,$18500.78,lpellamonuteni6@bizjournals.com,77,Lanita Pellamonuten
656,Meevee,$84660.72,mgettyi7@wired.com,86,Mathilda Getty
657,Jaxworks,$68120.69,mmeneuxi8@4shared.com,99,Maurise Meneux
658,Jaxworks,$52525.65,ckeunekei9@pagesperso-orange.fr,32,Cecelia Keuneke
659,Abata,$25797.74,niacovaccioia@opera.com,93,Neda Iacovaccio
660,BlogXS,$60266.35,preisensteinib@drupal.org,94,Priscilla Reisenstein
661,Topdrive,$73085.21,akirtleyic@sbwire.com,62,Alley Kirtley
662,Yombu,$63202.56,bmackimid@symantec.com,19,Billie MacKim
663,Devcast,$40704.92,dnansomie@state.tx.us,33,Dar Nansom
664,Oyoyo,$43406.75,cbuscombeif@360.cn,53,Calida Buscombe
665,Blogpad,$97910.52,dthoroldig@huffingtonpost.com,94,Dougie Thorold
666,Tagfeed,$69410.68,cbaldungih@studiopress.com,19,Carin Baldung
667,Jaxworks,$86990.29,mbaddeleyii@gmpg.org,58,Mureil Baddeley
668,Demizz,$62862.03,cbannonij@netscape.com,70,Collie Bannon
669,Blogspan,$33180.81,cbleiik@bluehost.com,65,Clea Blei
670,Bluezoom,$72788.55,bdresselil@photobucket.com,91,Briggs Dressel
671,Demizz,$13033.01,mdawidowiczim@ebay.co.uk,66,Merwin Dawidowicz
672,Bluezoom,$43421.48,nballinin@studiopress.com,78,Nolan Ballin
673,Yacero,$96825.31,aleio@wired.com,58,Anestassia Le Friec
674,Shufflebeat,$95593.51,mrawlinsip@wufoo.com,23,Milicent Rawlins
675,Edgetag,$42357.44,fpeaiq@geocities.com,98,Fonzie Pea
676,Mudo,$89909.63,hentreisir@theatlantic.com,50,Harmony Entreis
677,Chatterbridge,$84184.65,aromaynesis@trellian.com,84,Annnora Romaynes
678,Zoomdog,$83448.60,mturpinit@t-online.de,23,Merry Turpin
679,Skinder,$57505.77,ghookiu@yellowbook.com,22,Granville Hook
680,Fivespan,$15821.66,nturleiv@icio.us,89,Natala Turle
681,Skajo,$77027.37,naynoldiw@pcworld.com,1,Nancey Aynold
682,Zoomcast,$12029.40,elargentix@ftc.gov,21,Esther L'argent
683,Aibox,$43970.58,cvasiloviy@marriott.com,54,Cristabel Vasilov
684,Pixonyx,$36437.79,aruprichiz@miibeian.gov.cn,80,Aida Ruprich
685,Kwinu,$37368.52,ssimonittoj0@phpbb.com,83,Shea Simonitto
686,Gabvine,$57908.08,pharyngtonj1@slashdot.org,82,Paten Haryngton
687,Gigashots,$15587.98,vmaccafferkyj2@yahoo.com,23,Valaree MacCafferky
688,Photobean,$30767.31,nsibthorpej3@google.pl,44,Neville Sibthorpe
689,Mydeo,$24699.90,mokeenanj4@fotki.com,1,Marshal O'Keenan
690,Zoonder,$77029.91,fbrownillj5@wix.com,56,Fern Brownill
691,Gigashots,$87279.47,handreuccij6@hexun.com,42,Hope Andreucci
692,Shuffletag,$92922.68,jdodgej7@walmart.com,14,Jourdain Dodge
693,Feedspan,$18528.88,sminicoj8@utexas.edu,64,Sabine Minico
694,JumpXS,$28456.91,phabinj9@disqus.com,16,Pam Habin
695,Photojam,$97349.01,afakesja@weather.com,88,Anthe Fakes
696,Thoughtbridge,$35982.85,mkennawayjb@i2i.jp,86,Marian Kennaway
697,Edgewire,$82565.35,toldroydejc@omniture.com,19,Tabbie Oldroyde
698,Zooveo,$18206.24,dfreshwaterjd@i2i.jp,18,Darsie Freshwater
699,Thoughtbeat,$52530.14,kkitchenhamje@wufoo.com,91,Kipp Kitchenham
700,Edgetag,$41646.09,vneaglejf@yahoo.com,96,Vladimir Neagle
701,Dynava,$43819.05,mbruinsmajg@statcounter.com,71,Marcie Bruinsma
702,Jetwire,$37427.72,cdownerjh@freewebs.com,73,Claybourne Downer
703,Photojam,$88990.77,ndeji@senate.gov,55,Nanine De Vaux
704,Voomm,$28520.64,dmossomjj@virginia.edu,74,Druci Mossom
705,Oloo,$11553.71,acoulesjk@phpbb.com,46,Art Coules
706,Quaxo,$99190.50,lskaifejl@liveinternet.ru,44,Lyell Skaife
707,Thoughtstorm,$60332.43,fzoanejm@unicef.org,61,Forrest Zoane
708,Kwinu,$48132.14,kodyvoiejn@cloudflare.com,35,Kimball O'Dyvoie
709,Browsezoom,$46077.61,aquincejo@clickbank.net,67,Allyson Quince
710,Twinder,$23708.42,jdewberryjp@addtoany.com,59,Joaquin Dewberry
711,Youspan,$42962.69,nspillardjq@about.com,60,Nickolaus Spillard
712,Gevee,$96341.14,acrushjr@businessweek.com,23,Aretha Crush
713,Jabberstorm,$84874.92,dpigfordjs@networksolutions.com,51,Donaugh Pigford
714,Minyx,$8627.69,madamoviczjt@multiply.com,8,Marga Adamovicz
715,Tambee,$52874.70,bbinchju@ezinearticles.com,3,Bartel Binch
716,Flipopia,$80110.66,tbenthamjv@yale.edu,40,Trixie Bentham
717,Tanoodle,$11408.16,mcuniojw@salon.com,93,Matilda Cunio
718,Twinder,$78015.81,ebockejx@shutterfly.com,15,Ethelyn Bocke
719,Jabbertype,$83214.57,mkaysorjy@ustream.tv,11,Marti Kaysor
720,Realcube,$72445.06,gborchardtjz@discuz.net,90,Gloriane Borchardt
721,Kazu,$80401.56,ramesk0@usa.gov,84,Randi Ames
722,Avamm,$5283.16,acollicottk1@acquirethisname.com,66,Astra Collicott
723,Aimbo,$59182.80,snernek2@weebly.com,41,Sophronia Nerne
724,Ntags,$18937.72,lsweetzerk3@clickbank.net,46,Lucretia Sweetzer
725,Voonyx,$98791.69,cpridhamk4@dagondesign.com,37,Cecilla Pridham
726,Avamm,$34345.73,dcoltenk5@ebay.co.uk,34,Dru Colten
727,Quimm,$36893.99,lwynessk6@wired.com,57,Lodovico Wyness
728,Jaxworks,$28293.29,pvaggk7@hugedomains.com,4,Pennie Vagg
729,Skimia,$37362.86,tjershk8@nba.com,2,Traver Jersh
730,Oyoyo,$49075.67,wbergek9@reference.com,41,Wyatan Berge
731,Oba,$55851.36,jboldraka@altervista.org,70,Jefferson Boldra
732,Topdrive,$84121.32,aperkskb@webmd.com,4,Amaleta Perks
733,Youspan,$44719.95,bandrejskc@xinhuanet.com,68,Brewster Andrejs
734,Flashdog,$43126.35,kciccoloikd@prlog.org,39,Kristos Ciccoloi
735,Meedoo,$62046.46,mabbadoke@friendfeed.com,45,Maureen Abbado
736,Skimia,$99794.26,ljumontkf@1688.com,81,Lil Jumont
737,Agimba,$6862.79,achablekg@people.com.cn,88,Ashli Chable
738,Linkbridge,$50017.87,cgardenerkh@utexas.edu,57,Carita Gardener
739,Gigaclub,$68853.77,lsimnelki@phpbb.com,72,Lind Simnel
740,Gabcube,$30790.23,rmeedendorpekj@adobe.com,83,Robbyn Meedendorpe
741,Nlounge,$19896.17,adunstankk@woothemes.com,59,Anet Dunstan
742,Photospace,$92128.57,ssaterweytekl@guardian.co.uk,34,Saxon Saterweyte
743,Eabox,$38547.37,cmcclurekm@dion.ne.jp,21,Clementina McClure
744,Plajo,$67157.80,dbarratkn@wunderground.com,37,Daren Barrat
745,Rooxo,$57310.87,jusmarko@kickstarter.com,40,Joycelin Usmar
746,Devshare,$40493.36,hflintiffkp@paginegialle.it,84,Hillery Flintiff
747,Plajo,$81738.99,ekeekq@angelfire.com,90,Erminia Kee
748,Topdrive,$88681.63,colyffkr@youtube.com,74,Cy Olyff
749,Muxo,$58213.28,jfairbourneks@youku.com,69,Josee Fairbourne
750,Jayo,$50510.51,orucklidgekt@spiegel.de,84,Osmund Rucklidge
751,Miboo,$47154.10,zreignoldsku@trellian.com,64,Zoe Reignolds
752,Plambee,$86740.50,cnewisskv@ed.gov,74,Carlos Newiss
753,Yacero,$69633.58,kheamkw@forbes.com,72,Kaja Heam
754,Jayo,$64226.57,vhinzekx@mediafire.com,84,Vita Hinze
755,Centimia,$11284.36,lmosebyky@cpanel.net,27,Ludovika Moseby
756,Eayo,$95060.75,bbonallickkz@slideshare.net,51,Betty Bonallick
757,Jabbertype,$33238.22,ksudranl0@hibu.com,5,Kassia Sudran
758,Linkbuzz,$81377.10,lmardlingl1@wunderground.com,14,Ludovico Mardling
759,Photobug,$77385.09,bpimlockl2@shop-pro.jp,40,Bart Pimlock
760,Photobean,$5174.19,gpietruszewiczl3@bbc.co.uk,78,Gloriana Pietruszewicz
761,Fivebridge,$89017.47,dgreerl4@businessinsider.com,36,Dedie Greer
762,Buzzster,$30454.59,ttilbyl5@smugmug.com,100,Tine Tilby
763,BlogXS,$79775.66,rbestwalll6@github.com,69,Ricki Bestwall
764,Fatz,$29170.39,lpitbladol7@cafepress.com,58,Lauree Pitblado
765,Demizz,$91558.09,jmeneyerl8@unesco.org,43,Justinn Meneyer
766,Riffwire,$19347.66,hmatushevichl9@ustream.tv,10,Haslett Matushevich
767,Einti,$82649.81,mhalpenla@ucla.edu,21,Max Halpen
768,Jaxbean,$49520.76,wstubbeleylb@eepurl.com,87,Wilmar Stubbeley
769,Youspan,$8283.98,amarslc@posterous.com,9,Arlana Mars
770,Devpoint,$51801.65,awindybankld@ted.com,69,Aubrey Windybank
771,Gigabox,$47510.19,cmoyserle@miibeian.gov.cn,13,Clemmie Moyser
772,Fivebridge,$22759.56,arehmelf@bloomberg.com,22,Ailey Rehme
773,Twimm,$83508.90,civylg@unc.edu,78,Catherina Ivy
774,Kanoodle,$76481.19,pmcmychemlh@who.int,90,Port McMychem
775,Jabberstorm,$10835.92,mspinkli@indiatimes.com,85,Meridel Spink
776,Feedspan,$65967.25,bpechalj@last.fm,67,Bourke Pecha
777,Jazzy,$52969.21,rhuddartlk@soup.io,66,Rachele Huddart
778,Devshare,$27186.82,vlell@php.net,54,Vanda Le Noir
779,Thoughtbeat,$63101.11,mklimkinlm@dmoz.org,87,Mirelle Klimkin
780,Tagcat,$41247.34,rmccomishln@reuters.com,68,Rodger McComish
781,Realcube,$96727.19,fstockbridgelo@devhub.com,56,Filide Stockbridge
782,Aibox,$46104.00,bhayerlp@xing.com,51,Bevin Hayer
783,Buzzdog,$81399.92,cbrickwoodlq@blogs.com,51,Ceciley Brickwood
784,Fivebridge,$23512.47,mdelr@nsw.gov.au,16,Maighdiln de Leon
785,Oyoyo,$80297.19,tdudnyls@diigo.com,56,Tully Dudny
786,Jazzy,$65497.75,rbillyardlt@prweb.com,51,Romonda Billyard
787,Tagfeed,$37388.32,gcolinlu@ebay.co.uk,18,Gare Colin
788,Livetube,$39498.58,cawcoatelv@wunderground.com,71,Cary Awcoate
789,Wordtune,$27258.58,jwoffendenlw@storify.com,18,Jimmy Woffenden
790,Jabbersphere,$16332.56,plottlx@ucsd.edu,26,Pattie Lott
791,Shufflebeat,$89411.67,jrashleighly@guardian.co.uk,10,Jud Rashleigh
792,Oyondu,$85544.99,rbezzantlz@taobao.com,6,Rosamund Bezzant
793,Kwideo,$19565.96,adevenportm0@domainmarket.com,43,Amerigo Devenport
794,Twimbo,$24877.06,shaetm1@surveymonkey.com,92,Sherye Haet
795,Livefish,$30668.34,ggreenfieldm2@acquirethisname.com,27,Glennis Greenfield
796,Trilia,$75626.43,nregorzm3@jimdo.com,9,Nedi Regorz
797,Twinder,$44878.72,kgrunbaumm4@ehow.com,98,Kennie Grunbaum
798,Jaxnation,$99488.06,ksmallthwaitem5@furl.net,90,Korry Smallthwaite
799,Voonix,$64612.71,dcockleym6@edublogs.org,48,Debora Cockley
800,Leenti,$59319.45,awhitehurstm7@theglobeandmail.com,18,Allin Whitehurst
801,Cogibox,$23547.97,dpencottm8@google.es,15,Darin Pencott
802,Meetz,$74299.57,lshimwellm9@alibaba.com,21,Ludvig Shimwell
803,Kazu,$97765.86,dpetkovicma@bbc.co.uk,48,Davidson Petkovic
804,Ozu,$54675.17,cgawthorpemb@cdc.gov,81,Casi Gawthorpe
805,Brightbean,$54522.60,mdevallmc@yandex.ru,87,Madelina Devall
806,Katz,$7491.40,mkeenmd@technorati.com,28,Marlyn Keen
807,Shufflester,$52747.84,ahanscombeme@upenn.edu,53,Al Hanscombe
808,Snaptags,$20231.65,cdemf@cyberchimps.com,3,Cullie De Maine
809,Aimbu,$25693.85,vgrutemg@goo.ne.jp,24,Vonnie Grute
810,Topicware,$95115.05,ibolducmh@pinterest.com,8,Idalia Bolduc
811,Browsecat,$51282.37,gricoaldmi@rediff.com,6,Gerome Ricoald
812,Zoomcast,$67919.51,ashetliffmj@bandcamp.com,65,Austin Shetliff
813,Vinder,$42650.21,cforrestallmk@dot.gov,36,Cordi Forrestall
814,Topdrive,$33767.54,etilmouthml@europa.eu,98,Eugen Tilmouth
815,Tazzy,$67519.40,ciacabuccimm@ask.com,47,Carmelle Iacabucci
816,Tambee,$78575.28,sanelaymn@newsvine.com,3,Sollie Anelay
817,Eimbee,$10327.57,gfroudemo@cdc.gov,8,Griselda Froude
818,Skiptube,$16653.55,rtiversmp@usda.gov,83,Reinhold Tivers
819,Dabshots,$91755.33,fburnallmq@businessweek.com,73,Fleur Burnall
820,Tagpad,$75399.93,catteridgemr@storify.com,88,Cristionna Atteridge
821,Yakitri,$41741.09,streneerms@acquirethisname.com,76,Salomi Treneer
822,Buzzster,$11784.69,sskiptonmt@friendfeed.com,23,Sibeal Skipton
823,Livetube,$66752.18,lburwinmu@squarespace.com,36,Larissa Burwin
824,Topicshots,$25589.02,hsparwaymv@home.pl,17,Horacio Sparway
825,Shuffledrive,$30962.48,jtinanmw@spiegel.de,44,Jed Tinan
826,Riffpedia,$93893.98,bplacidomx@smh.com.au,53,Boycie Placido
827,Riffpath,$11248.31,adrysdallmy@bbc.co.uk,55,Aurthur Drysdall
828,Chatterpoint,$64077.59,sgaitskellmz@github.com,5,Saundra Gaitskell
829,Izio,$34648.97,kstandalln0@ucla.edu,22,Kayne Standall
830,Viva,$19579.68,kfolbigen1@ow.ly,15,Kara-lynn Folbige
831,Yoveo,$86259.21,traysdalen2@yahoo.com,47,Terry Raysdale
832,Dynabox,$70560.97,rmolandn3@tinyurl.com,92,Rusty Moland
833,Yambee,$35213.86,fduchennen4@privacy.gov.au,97,Fabien Duchenne
834,Dynabox,$8577.70,acamillettin5@hp.com,19,Adena Camilletti
835,Shufflebeat,$57291.98,qpomeryn6@toplist.cz,10,Querida Pomery
836,Jayo,$13860.58,blawdenn7@yale.edu,12,Blaine Lawden
837,Photobug,$94997.46,rdelln8@cloudflare.com,58,Roobbie Dell Casa
838,Mydo,$11564.00,slayingn9@hp.com,2,Seka Laying
839,Linklinks,$38828.22,cdunridgena@ebay.co.uk,55,Carmine Dunridge
840,Dabshots,$34455.58,dvenmorenb@si.edu,58,Del Venmore
841,Youopia,$74889.07,hbriannc@elpais.com,56,Honey Brian
842,Leexo,$57579.70,mhasneynd@ask.com,21,Myles Hasney
843,Ntag,$55124.09,slillimanne@tuttocitta.it,63,Stanley Lilliman
844,Twitterbeat,$63349.37,mlynnittnf@apache.org,29,Milt Lynnitt
845,Dynabox,$45514.96,pvamplusng@facebook.com,99,Petey Vamplus
846,Jayo,$13347.04,hveazeynh@apache.org,16,Hyman Veazey
847,Gabtune,$36291.16,jfinleyni@tinyurl.com,2,Jillana Finley
848,Trudoo,$19076.47,edarraghnj@studiopress.com,42,Evangelia Darragh
849,Meembee,$53535.56,mgarlicnk@google.co.uk,98,Madonna Garlic
850,Wikivu,$82194.10,lpieternl@reuters.com,85,Livvy Pieter
851,Babbleset,$37532.27,rbumpasnm@deviantart.com,21,Rufus Bumpas
852,Feedbug,$54268.80,eavramchiknn@ameblo.jp,74,Evered Avramchik
853,Ozu,$82726.69,jwawerno@cbc.ca,28,Jeannine Wawer
854,Skidoo,$60493.99,cmcmillannp@hatena.ne.jp,19,Celle McMillan
855,InnoZ,$30802.79,mjessennq@sogou.com,53,Marj Jessen
856,Gigazoom,$28418.88,xosburnnr@unblog.fr,97,Xerxes Osburn
857,Flipopia,$99282.54,cmatitiahons@soup.io,75,Carolan Matitiaho
858,Realcube,$7341.08,pwellandnt@un.org,54,Petra Welland
859,Shufflester,$86278.55,vpammenternu@hao123.com,73,Vivian Pammenter
860,Aimbo,$91263.12,hfurzenv@redcross.org,50,Hervey Furze
861,Yoveo,$64178.63,sstanistreetnw@wired.com,23,Simonette Stanistreet
862,Zoombeat,$45273.73,tpetegrenx@admin.ch,89,Towney Petegre
863,Katz,$94983.29,cboardny@addtoany.com,38,Charlie Board
864,Meevee,$61400.05,rsimonettonz@google.co.uk,40,Rivy Simonetto
865,Rhynyx,$56392.55,tsaileo0@economist.com,4,Tamra Saile
866,Voonder,$61029.26,cpieterso1@merriam-webster.com,55,Clayborn Pieters
867,Jaxbean,$73655.60,rvandenhoffo2@photobucket.com,60,Reube Vandenhoff
868,Flipbug,$79697.61,akerseyo3@wunderground.com,71,Anya Kersey
869,Mycat,$69702.48,dbockho4@google.nl,54,Davita Bockh
870,Voomm,$35956.11,jlangtono5@illinois.edu,96,Jaye Langton
871,Gabvine,$22969.15,tgadaudo6@xrea.com,98,Tanny Gadaud
872,Tazz,$38472.75,raickeno7@rediff.com,8,Rhianon Aicken
873,Skippad,$21936.43,agaunsono8@google.com.br,13,Aindrea Gaunson
874,Jayo,$35103.56,ggiacobboo9@goodreads.com,66,Gianina Giacobbo
875,Babblestorm,$83285.31,arousoa@ca.gov,61,Addy Rous
876,Devpoint,$41104.99,emcneeob@usatoday.com,8,Erik McNee
877,DabZ,$10056.15,smcclellandoc@jalbum.net,30,Sileas McClelland
878,Chatterbridge,$19232.91,cboottonod@lulu.com,10,Charlot Bootton
879,Voonyx,$56905.16,hmunkleyoe@ca.gov,80,Hercules Munkley
880,Photobean,$35312.69,lpickupof@csmonitor.com,6,Lindsy Pickup
881,Kare,$90762.68,bsherburnog@blog.com,29,Bruno Sherburn
882,Skidoo,$18204.98,tmoukesoh@ox.ac.uk,8,Tootsie Moukes
883,Kanoodle,$74533.16,eabelovitzoi@timesonline.co.uk,44,Elisabeth Abelovitz
884,Meetz,$19460.09,bswinnoj@va.gov,93,Bartholomew Swinn
885,Quimm,$35391.31,modriscoleok@fema.gov,54,Mari O'Driscole
886,Skibox,$73534.43,jpendletonol@java.com,87,Jeanine Pendleton
887,Dynava,$81696.32,mrhodusom@slideshare.net,57,Marcelline Rhodus
888,Aivee,$37737.64,pmounseyon@icio.us,23,Paloma Mounsey
889,Jaloo,$11459.17,spaxfordeoo@issuu.com,4,Son Paxforde
890,Devify,$87584.21,alavingtonop@biblegateway.com,100,Arel Lavington
891,Babbleblab,$46303.98,kaluoq@networksolutions.com,71,Kacey Alu
892,Wikibox,$38342.37,svanneror@1688.com,54,Sada Vanner
893,Divape,$66223.07,rrameauos@nifty.com,94,Regen Rameau
894,Buzzster,$90328.34,bpostleot@archive.org,93,Bertrand Postle
895,Gabtype,$5071.49,agarfitou@pbs.org,57,Alistair Garfit
896,Quamba,$15391.77,bbaudinelliov@netvibes.com,68,Bernard Baudinelli
897,Twitternation,$75747.54,hhayballow@360.cn,36,Hort Hayball
898,Jayo,$28752.49,asyphasox@army.mil,56,Amalita Syphas
899,Skilith,$40769.88,memminesoy@soup.io,85,Myles Emmines
900,Wordtune,$77048.60,djicklesoz@etsy.com,43,Denyse Jickles
901,Dabfeed,$85270.33,dmcp0@fotki.com,38,Daphne Mc Harg
902,Trupe,$30671.11,hodomp1@admin.ch,20,Hilton Odom
903,Innotype,$75585.04,ltampenp2@vkontakte.ru,57,Lannie Tampen
904,Twinder,$84623.11,jpowlesp3@rediff.com,51,Joellen Powles
905,Blognation,$6243.33,cwealdp4@wired.com,62,Che Weald
906,Yombu,$48805.19,cragotp5@homestead.com,84,Carter Ragot
907,Voonyx,$72045.25,fgwytherp6@bing.com,90,Fairleigh Gwyther
908,Gabcube,$48227.51,dgowthorpep7@usgs.gov,31,Duke Gowthorpe
909,Voonyx,$60357.39,leynaudp8@amazon.de,94,Libbey Eynaud
910,InnoZ,$34973.49,nrobkenp9@chronoengine.com,47,Nelly Robken
911,BlogXS,$33940.41,vfieldenpa@europa.eu,44,Valentine Fielden
912,Meetz,$62164.02,mmaffionepb@alibaba.com,70,Mahmoud Maffione
913,Mynte,$72348.56,alavallpc@nasa.gov,66,Anet Lavall
914,Leenti,$98817.68,rmaddockpd@msn.com,5,Rhonda Maddock
915,Dabshots,$86118.96,gdrysdallpe@is.gd,87,Gregg Drysdall
916,Bubblebox,$58287.57,rpitkinspf@tinyurl.com,35,Renell Pitkins
917,Avamba,$58139.48,mbirtlepg@redcross.org,42,Merrili Birtle
918,Eare,$15711.45,elingeph@youku.com,71,Erina Linge
919,Trunyx,$94734.24,dwallispi@slideshare.net,52,Dexter Wallis
920,Blogpad,$67912.77,bsauratpj@yahoo.co.jp,5,Brandon Saurat
921,Riffpath,$50951.98,mdockreypk@a8.net,91,Maren Dockrey
922,Trudeo,$8163.80,syitzhakovpl@epa.gov,7,Shermie Yitzhakov
923,Riffpedia,$63194.75,sborrottpm@columbia.edu,66,Sibella Borrott
924,Trilith,$76865.68,bcartnerpn@nymag.com,94,Base Cartner
925,Realmix,$81350.10,jdreossipo@fastcompany.com,85,Janey Dreossi
926,Topicstorm,$20720.32,asmedmoorpp@guardian.co.uk,2,Austin Smedmoor
927,Babbleset,$8240.71,vmcphelimypq@icq.com,27,Vinnie McPhelimy
928,LiveZ,$68652.97,rsewleypr@apache.org,68,Roy Sewley
929,Jabbersphere,$56505.91,wpinkettps@gnu.org,58,Waylin Pinkett
930,Zoomzone,$55613.52,vmilellapt@si.edu,49,Vin Milella
931,Realcube,$35815.22,slewintonpu@dailymail.co.uk,66,Sherill Lewinton
932,Edgetag,$66289.51,randrejevicpv@dailymail.co.uk,5,Rand Andrejevic
933,Snaptags,$67679.40,ccurnesspw@spiegel.de,4,Collin Curness
934,Photobean,$57733.13,kcamockpx@biglobe.ne.jp,92,Kimmie Camock
935,Tagchat,$81570.96,wabrahmerpy@hp.com,49,Wyatan Abrahmer
936,Podcat,$65136.12,bbenthallpz@qq.com,11,Barbara-anne Benthall
937,Plambee,$76641.20,ageereq0@irs.gov,36,Amalita Geere
938,Realbridge,$44988.15,obogiesq1@yellowpages.com,83,Ogden Bogies
939,Zoombeat,$32585.93,ctompkissq2@mtv.com,53,Celeste Tompkiss
940,Rhyzio,$89752.49,dmunbyq3@4shared.com,69,Delly Munby
941,Pixoboo,$14074.28,kwearq4@themeforest.net,49,Karol Wear
942,Voolith,$7520.34,mgeeveq5@cdbaby.com,41,Mirna Geeve
943,Skidoo,$34224.22,tesomeq6@xrea.com,76,Tobit Esome
944,Feedmix,$17243.33,plittlecoteq7@unicef.org,38,Perla Littlecote
945,Yambee,$42212.64,afaulconerq8@cnn.com,98,Alys Faulconer
946,Photojam,$86789.55,rmacbeanq9@prweb.com,22,Rosaline MacBean
947,Bubblemix,$6329.24,bharcaseqa@exblog.jp,74,Beth Harcase
948,Centidel,$82544.11,mleekqb@blogspot.com,90,Moritz Leek
949,Oyope,$33409.39,tmandrierqc@storify.com,54,Torrin Mandrier
950,Flashset,$82048.54,tflaniganqd@phpbb.com,62,Tamarra Flanigan
951,Abatz,$29264.31,ewallworkqe@qq.com,35,Emili Wallwork
952,Camido,$27151.02,bgooderickqf@nationalgeographic.com,95,Baird Gooderick
953,DabZ,$28607.12,subanksqg@ibm.com,30,Sissie Ubanks
954,Dabvine,$27703.58,bpettifordqh@digg.com,86,Bartolemo Pettiford
955,Skimia,$18218.06,jplumridgeqi@mozilla.org,89,Justine Plumridge
956,Buzzshare,$73354.41,lmaierqj@free.fr,87,Lew Maier
957,Oyondu,$71740.65,efindonqk@newsvine.com,14,Emilee Findon
958,Trilith,$49825.42,gstringerql@sun.com,72,Gratiana Stringer
959,Photobug,$86532.16,cweekesqm@bloglovin.com,70,Coralyn Weekes
960,Skivee,$10704.11,lkindallqn@cnet.com,32,Laney Kindall
961,Quimm,$41286.57,scornillotqo@yandex.ru,18,Shamus Cornillot
962,Realbridge,$16614.90,htravesqp@squidoo.com,48,Hershel Traves
963,Quimm,$81694.16,jkettsqq@about.me,16,Josh Ketts
964,Jabbercube,$41000.74,rjervoiseqr@house.gov,29,Rayna Jervoise
965,Kwimbee,$71840.33,dchellamqs@narod.ru,68,Darby Chellam
966,Tambee,$98338.41,ptootinqt@nbcnews.com,1,Pepillo Tootin
967,Wordify,$90001.30,mpetelqu@bigcartel.com,2,Melinde Petel
968,Quamba,$81815.72,nhearonqv@ehow.com,57,Nadine Hearon
969,Eabox,$35038.23,urutherfordqw@abc.net.au,54,Urban Rutherford
970,Roodel,$13423.65,abaxendaleqx@go.com,5,Adan Baxendale
971,Buzzbean,$21919.94,cridpathqy@howstuffworks.com,18,Coletta Ridpath
972,Eadel,$23874.61,nwoofqz@java.com,62,Neron Woof
973,Trupe,$32151.76,gwinfreyr0@nationalgeographic.com,66,Georgi Winfrey
974,Kazio,$88383.62,rroblettr1@fastcompany.com,67,Rich Roblett
975,Gabcube,$61941.32,dinmanr2@geocities.jp,32,Derek Inman
976,Jetwire,$27469.26,koldingr3@rakuten.co.jp,93,Karlene Olding
977,Realfire,$11817.23,sdedamr4@sogou.com,30,Sonja Dedam
978,Brainverse,$86359.92,gmclarnonr5@privacy.gov.au,13,Giovanna McLarnon
979,Dabvine,$99117.24,msherbrookr6@ow.ly,97,Meghan Sherbrook
980,Twiyo,$79235.98,abarbarar7@github.io,67,Alec Barbara
981,Abata,$70314.44,imelloir8@sciencedaily.com,54,Inness Melloi
982,Mydo,$69625.91,gstogglesr9@usda.gov,54,Gar Stoggles
983,Aimbo,$73124.73,mbourdelra@skyrock.com,23,Mose Bourdel
984,Skalith,$72653.71,scardenasrb@yellowpages.com,76,Staffard Cardenas
985,Tazzy,$5611.30,jsawartrc@i2i.jp,98,Jefferson Sawart
986,Skajo,$79278.34,lmaffinrd@walmart.com,29,Lida Maffin
987,Browsecat,$60331.28,fbrookfieldre@chronoengine.com,85,Fred Brookfield
988,Kimia,$78898.74,vaudreyrf@harvard.edu,96,Vally Audrey
989,Zooxo,$97855.97,dsiveterrg@wired.com,100,Darrelle Siveter
990,Wordpedia,$5674.06,dbotlyrh@delicious.com,80,Doy Botly
991,Vidoo,$83529.48,isconeri@vinaora.com,39,Isak Scone
992,Jabbersphere,$46051.20,hadolthinerj@hugedomains.com,40,Humfried Adolthine
993,Browsedrive,$15041.08,bhellensrk@friendfeed.com,70,Batsheva Hellens
994,Quimm,$42558.16,mbonnefinrl@mozilla.com,27,Meridel Bonnefin
995,Meembee,$39975.09,kconstanzarm@simplemachines.org,29,Kamila Constanza
996,Rhyzio,$6387.54,gcowlern@ftc.gov,30,Gizela Cowle
997,Abata,$15810.93,lmckelveyro@yahoo.com,44,Lonee McKelvey
998,Trilia,$55774.38,efarlambrp@jalbum.net,28,Erroll Farlamb
999,Skipfire,$98737.03,itrymerq@google.co.uk,40,Ignace Tryme
1000,Photobug,$17653.00,ldenisonrr@wired.com,94,Lilia Denison
